datetime,open,high,low,close,volume,oi
1514764800000,25490,27639.7,25287.6,27465.6,56603280,0
1517443200000,27430.3,27661,24600,25170.1,76757520,0
1519862400000,25069.4,25280,23631.2,24274.9,83355840,0
1522540800000,24355.5,26213.5,24115.8,25635.8,64337160,0
1525132800000,25675,27058.2,25523,26932.9,68614680,0
1527811200000,26726,26899,26079.1,26349.7,75356840,0
1530403200000,26349.9,27872.1,26065.3,27811.7,64690680,0
1533081600000,27778.7,28408.8,27415.3,28216.7,57845400,0
1535760000000,28285.2,28299.9,24706.8,25214.7,83870200,0
1538352000000,25085,25892.9,24272.4,25208.4,103513980,0
1541030400000,25249.9,27034.1,25178.9,26918.4,62882120,0
1543622400000,27055.5,27429.5,25706.4,27318.1,53792000,0
1546300800000,27300.2,27784.4,26520,27297.4,57890080,0
1548979200000,27331,27646.9,26700,26783.5,47418260,0
1551398400000,27061.1,30915.7,27051,30525.8,52678640,0
1554076800000,30594.9,30811.9,29426.6,29891.7,51656220,0
1556668800000,29785,31815.4,28571,31324.8,71090720,0
1559347200000,31326.8,31793.9,30200,31267.4,54432880,0
1561939200000,31400.2,31727.6,28655.8,28972.3,60330720,0
1564617600000,28805.7,28924,26615.6,27520.9,78038280,0
1567296000000,27321.1,30974.8,26683.1,29324.7,88360540,0
1569888000000,29440,30399.1,27652.2,30077.6,90714320,0
1572566400000,30200.1,32148,30052,32003.8,67354620,0
1575158400000,32079.9,32773.9,31065.3,32366.1,55661280,0
1577836800000,32417.3,32606.1,30513.4,30937.3,76766020,0
1580515200000,30794.9,31626.7,28970.2,29053.9,67275500,0
1583020800000,29355.6,29648,16020.5,19135.5,127727000,0
1585699200000,18900,21984.8,17075,21527.8,115178240,0
1588291200000,20600,20600,17005.9,19099.2,144233700,0
1590969600000,19490.3,22494.8,19435.8,21213.8,186892880,0
1593561600000,21190,23148.6,21025.1,21691.5,164750350,0
1596240000000,21480,25270,21085.3,23743,131856460,0
1598918400000,23850,24200,20431,21464.2,164200230,0
1601510400000,21676,24880.7,21665,23924.6,160859770,0
1604188800000,24245.2,30190,24100.5,29667.2,159847280,0
1606780800000,29785.2,31549.4,29000.1,31281.2,108816460,0
1609459200000,31250,32899,29661,30679.2,99893190,0
1612137600000,30994.8,37770,30942.5,34870.4,125276170,0
1614556800000,35350,36580.9,32391.7,33478.4,111098730,0
1617235200000,33693,34298.9,30451.6,32893.6,98421200,0
1619827200000,32350,35670,31625,35602.9,82936370,0
1622505600000,35677.9,35990,33937,34937.6,73106350,0
1625097600000,34975.8,36075.9,34118.2,34673.1,67251470,0
1627776000000,34820.5,36690,34678.2,36513.5,69408560,0
1630454400000,36625.1,38395.6,36251.2,37428.8,71512020,0
1633046400000,37321,41820.8,36950.1,39314.4,70739190,0
1635724800000,39555,40295,35459,35780.2,69728465,0
1638316800000,35790,37717,34123.1,35628.2,82698820,0
1640995200000,36621,39255,35650.3,38113.8,82681480,0
1643673600000,38505.1,39888.7,35201.1,36261.6,97711740,0
1646092800000,35548,36899,32251.3,36377.8,113685300,0
1648771200000,36407,38780,35501.1,36144.2,87484030,0
1651363200000,35629,36340,33005.1,35514.8,94068520,0
1654041600000,35290,36333,32335,33423.7,85384230,0
1656633600000,33244.7,37800,33131.6,37567.1,73570130,0
1659312000000,37647.9,39794.1,37288.3,39707.6,72329770,0
1661990400000,39006,41855.4,37524.6,38807.4,94392120,0
1664582400000,38705.3,41636.9,38086.4,41466.8,74158210,0
1667260800000,41650,43566.1,40990,43452.1,58668890,0
1669852800000,43680.4,44248.6,41640.1,43165.9,66968610,0
1672531200000,43248.1,43710,39736.2,41063.1,80076520,0
1675209600000,41500,42251.9,39597.9,40487.6,84980760,0
1677628800000,40600.1,41799,38831.5,40833.6,91159150,0
1680307200000,40899.9,43273.1,40769.9,43217.4,45598720,0
1682899200000,43360,44525,42630,44241.6,58661960,0
1685577600000,44226,44893.1,43313.3,44850.5,49538770,0
1688169600000,44989,46500,44674.6,45860.9,52398980,0
1690848000000,45903.1,45944,43785.1,43944.3,60636990,0
1693526400000,44268.7,46375.9,44061,44847.9,48868950,0
1696118400000,44712.5,44820.9,42067,43076.9,40757295,0
1698796800000,42981.1,44785.3,42849,44459.9,42393850,0
1701388800000,44522.4,48805,44522.4,48628.8,48525870,0
1704067200000,48580,48869,44404,46324.2,64689050,3101130
1706745600000,46351.1,47400.05,44803.8,45852.25,66658755,1335870
1709251200000,46675,48344.95,46002,47545.15,45563265,3246120
1711929600000,47702.95,49927.45,46611.2,49450.55,43939485,2275935
1714521600000,49300.2,49840,47063.65,49352.35,53074830,2267760
1717200000000,50606.05,53221,46184.95,52529.7,65677200,2452920
1719792000000,52524,53301.1,50601,51815.05,50924310,2415720
1722470400000,51990,52080,49815.8,51663.1,46214640,2361285
1725148800000,51755.05,54640,50255.55,53435.15,37634520,1787790
1727740800000,53388.95,53645,50374.75,51954.4,46663065,2619885
1730419200000,51995,53093,49817.3,52364.45,35500365,2220540
1733011200000,52340,53995,50622.4,51286.15,36841440,2252790
1735689600000,51289.95,51938,47722.25,49862,39727080,3110100
1738368000000,49720,50798.7,48305.45,48628.25,33316380,3338130
1740787200000,48775.75,52125,47751.6,51840.85,25721520,2692290
1743465600000,51683.95,56194.8,49366.1,55241.8,33088590,2294940
1746057600000,55250.2,56140.2,53585,56076.4,29857050,1842660
1748736000000,56100,57849.8,55350.6,57553.6,24687210,2291975
1751328000000,57625,57760.8,55528.2,55988.8,22006705,552195
1754006400000,56200,56249.8,53779,54060.4,18515700,2813090
1756684800000,54158,55994,53915,54634.4,19112555,569310
1759276800000,55099.8,58830,54940,58184.6,19852560,1691445
1761955200000,58141.8,60165.6,57450.4,60068.2,16345420,1575245
1764547200000,60230,60353.2,58761,59883.6,18358330,1248000
1767225600000,59920,60538.4,58132.8,59908.6,16657980,1332840
1769904000000,59950,61680,58046,60901,18214980,1472580
1772323200000,60340,60622.2,50093.2,50247.6,26239650,506490
1775001600000,51750,57477,50172,55195.2,19438560,2006640
1777593600000,55500,56590,52872.6,54760,17607030,2533320
1780272000000,54782,58675,53287.6,57530,20112960,696390
1782864000000,57991,58690,56155,57425.2,16108380,2115210
1785542400000,57750.2,58380,57151,57887.2,10712310,1975680
1788220800000,57876.2,58101,53810,55006,10380750,2394960
1790812800000,54840,55365,54312.6,54794.8,845400,2346180