datetime,open,high,low,close,volume
1129507200000,4280.9,4331.2,4026.75,4132.15,0
1130112000000,4136.8,4165.5,3858.05,3876.55,0
1130716800000,3907.3,4069.75,3888.9,4014.65,0
1131321600000,4013.85,4174,3990.9,4165.3,0
1131926400000,4170.6,4416.85,4170.6,4346.1,0
1132531200000,4350.8,4394.3,4177.2,4375.25,0
1133136000000,4379.65,4426.95,4269.85,4343.45,0
1133740800000,4339,4368.3,4218.45,4314.5,0
1134345600000,4314.55,4541.6,4314.55,4520.15,0
1134950400000,4492.4,4611.7,4459.05,4469.8,0
1135555200000,4463.65,4551.65,4299.3,4534.2,0
1136160000000,4566.95,4802.8,4531.45,4755.6,0
1136764800000,4758.1,4777.05,4589.45,4602.55,0
1137369600000,4602.95,4615.95,4385.65,4509.4,0
1137974400000,4510.85,4676.6,4462.15,4666.9,0
1138579200000,4574.05,4668.4,4382.2,4397.9,0
1139184000000,4421.6,4597.5,4421.6,4581.85,0
1139788800000,4584.05,4629.45,4360.3,4452.3,0
1140393600000,4460.65,4508.1,4378.1,4497.75,0
1140998400000,4502.9,4686.4,4500.65,4624,0
1141603200000,4624.85,4683.45,4491.1,4656.05,0
1142208000000,4660.95,4785.05,4648.9,4701.15,0
1142812800000,4707,4744.25,4592.7,4662.9,0
1143417600000,4709.25,4732.3,4628.35,4661.5,0
1144022400000,4661.5,4905.05,4661.5,4717.6,0
1144627200000,4721.4,4754.8,4408.65,4467.1,0
1145232000000,4477.5,4694,4477.5,4596.1,0
1145836800000,4593.25,4622.2,4179.85,4549.8,0
1146441600000,4558.25,4960.75,4558.25,4876.55,0
1147046400000,4892.25,5074.4,4828.95,4871.6,0
1147651200000,4873.3,4914.9,4291.15,4330.4,0
1148256000000,4380.4,4466.8,3972.25,4324.05,0
1148860800000,4324.7,4391.35,4032.95,4176.5,0
1149465600000,4177.3,4200.8,3596.7,3829.4,0
1150070400000,3832.8,3853.6,3408.95,3770.45,0
1150675200000,3762.5,3850.15,3633.1,3790.35,0
1151280000000,3794.35,3794.35,3571.25,3708.9,0
1151884800000,3717.75,3964.8,3657.3,3704.95,0
1152489600000,3695.7,3713.85,3529.15,3630.1,0
1153094400000,3659.35,3659.35,3413.5,3543.55,0
1153699200000,3537,4042.75,3495.6,4022.95,0
1154304000000,4032.45,4192.95,3996.05,4067.75,0
1154908800000,4059.45,4403.4,4032.5,4324.65,0
1155513600000,4314.7,4471.4,4308.25,4369.3,0
1156118400000,4342.9,4596.7,4325.45,4495.45,0
1156723200000,4501.85,4655.5,4485.95,4650.85,0
1157328000000,4662.5,4743.85,4616.15,4658.45,0
1157932800000,4658.45,4915.2,4480.2,4908.1,0
1158537600000,4905,4990.9,4800.65,4934.7,0
1159142400000,5078.4,5519.55,4910.85,5276.25,0
1159747200000,5277.05,5357.2,5185.95,5311.25,0
1160352000000,5290.75,5361.25,5142,5302.45,0
1160956800000,5250.6,5433.7,5250.6,5325.55,0
1161561600000,5304.6,5551.9,5240.5,5545.25,0
1162166400000,5539.9,5795.85,5479.6,5613.15,0
1162771200000,5604.25,5797.8,5460.5,5757.95,0
1163376000000,5773.25,6268.25,5730.85,6119.65,0
1163980800000,6115.95,6190.95,5907.45,6153.6,0
1164585600000,6128.5,6341.15,6080.35,6330.75,0
1165190400000,6301.65,6595.85,6182.55,6234.55,0
1165795200000,6177.9,6177.9,5408.95,5958.2,0
1166400000000,5971.1,6022.2,5712,5790.4,0
1167004800000,5799.2,6098.55,5785.25,6008.75,0
1167609600000,6015.15,6122.4,5982.45,6049,0
1168214400000,6069.9,6184.6,5684.7,6157.95,0
1168819200000,6191,6292.9,6103.1,6184.9,0
1169424000000,6209.75,6224.1,5989.6,6107.6,0
1170028800000,6139.75,6176,5901.65,6075.35,0
1170633600000,6120.1,6248.6,6047.55,6184.45,0
1171238400000,6085.8,6124.2,5561,5841.65,0
1171843200000,5858.15,5948.15,5427.35,5473.6,0
1172448000000,5493.6,5616.25,5112.15,5218.95,0
1173052800000,5135.75,5316.95,4950.5,5187.85,0
1173657600000,5188.05,5269.3,4837.25,4893.45,0
1174262400000,4900.15,5594.75,4871.45,5518.85,0
1174867200000,5522.05,5593.35,5164.05,5308.5,0
1175472000000,5267.7,5267.7,4921.8,5129.2,0
1176076800000,5129.05,5404.1,5129.05,5362.1,0
1176681600000,5400.3,5626.85,5382.2,5597.55,0
1177286400000,5622,5975,5511.7,5752.9,0
1177891200000,5627.9,5765.6,5490.85,5656.55,0
1178496000000,5773.4,5773.4,5480.5,5682.45,0
1179100800000,5733.3,6313.55,5733.3,6290.8,0
1179705600000,6315.8,6445.4,6091.9,6200.35,0
1180310400000,6199.15,6431.5,6199.15,6404.8,0
1180915200000,6431.25,6562.5,6129.95,6177.7,0
1181520000000,6210.25,6278.9,6048.8,6176.2,0
1182124800000,6210.5,6621.15,6157.65,6542.05,0
1182729600000,6548.95,6749.95,6457.3,6740.1,0
1183334400000,6811.85,6917.35,6696,6791.25,0
1183939200000,6787.75,7032.65,6752.4,6980.35,0
1184544000000,6985.05,7209.2,6938.05,7086.55,0
1185148800000,7073.7,7142.15,6608.1,6698.65,0
1185753600000,6726.6,6943.9,6609.75,6854.6,0
1186358400000,6826.95,7110.55,6542.4,6646.05,0
1186963200000,6650.3,6735.45,6083.85,6245.6,0
1187568000000,6358.05,6567.6,6058.35,6176.55,0
1188172800000,6278.5,6714.4,6278.5,6675.85,0
1188777600000,6712.6,6922.6,6673.75,6842.95,0
1189382400000,6787.65,7062.9,6740.7,6912.15,0
1189987200000,6898,7506.35,6843,7464.5,0
1190592000000,7514.4,8082.85,7490.2,8042.2,0
1191196800000,8008.55,8235.8,7789.7,7845.25,0
1191801600000,7853.15,8177.75,7516.45,7934,0
1192406400000,7962.55,8491.65,7279.3,7423.8,0
1193011200000,7374.35,8804.9,7289.2,8749.9,0
1193616000000,8918.05,9610.7,8832.5,9560.7,0
1194220800000,9549.8,9692.5,8671.4,8760.75,0
1194825600000,8596.15,9651.85,8429.35,9474.15,0
1195430400000,9541.1,9595.45,8650,8977.9,0
1196035200000,9136.05,9437.95,8938.1,9375.75,0
1196640000000,9391.2,9804.55,9341.05,9796.1,0
1197244800000,9800.2,10124.8,9723.6,9803.15,0
1197849600000,9790.55,9792.15,9125.45,9245.45,0
1198454400000,9316.45,9842.65,9316.45,9828.35,0
1199059200000,9861.7,10333.3,9790.4,10233.2,0
1199664000000,9983.1,10634.2,9948.35,10561.5,0
1200268800000,10614.8,10774.2,9648.45,9739.9,0
1200873600000,9671.4,9827.3,7958.95,9752.25,0
1201478400000,9748.35,10113.3,9002.2,9327.05,0
1202083200000,9444.4,9708.6,8624.75,8817,0
1202688000000,8841.2,9403.7,8216.9,9380.05,0
1203292800000,9411.25,9538.7,8642,8685.1,0
1203897600000,8715.8,8903.45,8248.75,8688.35,0
1204502400000,8460.6,8460.6,7064.5,7268.15,0
1205107200000,7163.5,7705.65,6840.65,7106,0
1205712000000,6956,6956,6335,6456.55,0
1206316800000,6461.65,7230.8,6456.8,7037.85,0
1206921600000,6970.55,6970.55,6446.7,6545.15,0
1207526400000,6485.4,7094.85,6485.4,6838.45,0
1208131200000,6773.3,7213.8,6687.9,7165.05,0
1208736000000,7174.45,7651.4,7117.65,7616.3,0
1209340800000,7643.35,7900.85,7567.85,7871.9,0
1209945600000,7879.65,7990.45,7267.9,7299,0
1210550400000,7274.7,7666.9,7140.1,7644.6,0
1211155200000,7616.85,7616.85,6994.9,7009.05,0
1211760000000,6899.9,6925.4,6502.45,6584.35,0
1212364800000,6577.3,6677.15,5974.1,6140.05,0
1212969600000,5960.9,6092.3,5702.5,5993.15,0
1213574400000,6030.6,6455.2,5731.25,5758.6,0
1214179200000,5686.55,5737.05,5183.2,5210.9,0
1214784000000,5214.1,5214.1,4633.95,4990.9,0
1215388800000,5009.1,5404.65,4843.6,5240.7,0
1215993600000,5179.95,5418.4,4676.45,5389.15,0
1216598400000,5448.2,6468.4,5406.3,5917.25,0
1217203200000,5900.3,5989.45,5394.95,5961.9,0
1217808000000,5932.45,6725.7,5888.85,6447.5,0
1218412800000,6574.5,6754.45,6010.05,6030.05,0
1219017600000,5999.15,6114.15,5649.9,5776.05,0
1219622400000,5897.2,6112.25,5686.6,6102.05,0
1220227200000,6070.9,6624,5941.45,6288.6,0
1220832000000,6608,6631.95,6168.8,6194.15,0
1221436800000,6006.7,6357.2,5551.7,6312.05,0
1222041600000,6396.2,6396.2,5797.5,5828.6,0
1222646400000,5863.05,6040.15,5296.6,5793.35,0
1223251200000,5702.85,5798.9,4662.2,4938,0
1223856000000,5034.65,5799,5034.65,5183.55,0
1224460800000,5237.6,5478.4,4229.65,4310.05,0
1225065600000,4280.55,4621.65,3799.35,4521.7,0
1225670400000,4791.8,5431.9,4779.6,5043.55,0
1226275200000,5097.85,5274.85,4668.05,4719.4,0
1226880000000,4736.25,4736.25,3972.15,4300.7,0
1227484800000,4274.3,4355.6,4005.35,4291.15,0
1228089600000,4317.8,4611.45,3919,4357,0
1228694400000,4502.05,4687.5,4407.2,4655.3,0
1229299200000,4714.95,5226.85,4677.3,5144.15,0
1229904000000,5119.25,5213.3,4770.2,4789.45,0
1230508800000,4774.7,5258.65,4684.8,5195.1,0
1231113600000,5273.45,5448.8,4840,4906.7,0
1231718400000,4862,4881.5,4442.7,4581.25,0
1232323200000,4585.7,4622,4049.9,4082.15,0
1232928000000,4167.65,4487.85,4111.3,4456.55,0
1233532800000,4403.9,4405.35,4191.1,4334.15,0
1234137600000,4365.55,4602.15,4365.55,4565.85,0
1234742400000,4538.6,4551.75,3912.35,3934.4,0
1235347200000,3923.85,3976.05,3758.4,3892.4,0
1235952000000,3831.25,3831.25,3338.8,3455.35,0
1236556800000,3424.35,3646.65,3314.55,3632.75,0
1237161600000,3651.3,3802.1,3615.6,3691.7,0
1237766400000,3763.75,4423.65,3743,4406.8,0
1238371200000,4368.05,4489.85,3871.45,4426.05,0
1238976000000,4501.25,4639.5,4259.65,4584.8,0
1239580800000,4661.95,5193.3,4661.95,5056.9,0
1240185600000,5107,5201.9,4725.7,5125.35,0
1240790400000,5042,5288.7,4909.4,5130.95,0
1241395200000,5291.25,5649.4,5291.25,5409.75,0
1242000000000,5463.6,5719.45,5313.15,5695.05,0
1242604800000,6304.25,7567.9,6304.25,7036.3,0
1243209600000,7033.7,7496.75,6813.1,7416,0
1243814400000,7559.3,7559.3,7111.95,7343.3,0
1244419200000,7322.1,7402,6909.5,7083.1,0
1245024000000,7013.55,7339.25,6967,7223.55,0
1245628800000,7261.5,7417.5,6989.1,7398.45,0
1246233600000,7446.45,7626.95,7270.3,7566.05,0
1246838400000,7566.05,7711.4,6469,6520.6,0
1247443200000,6456.9,7253.3,6393.5,7231.05,0
1248048000000,7273.95,7614.75,7239.4,7385.55,0
1248652800000,7441.6,7611.7,7092.05,7544.5,0
1249257600000,7564.05,7720.35,7226.7,7249.5,0
1249862400000,7363.6,7502.95,6988.55,7418.95,0
1250467200000,7311.9,7404.7,6998.8,7377.1,0
1251072000000,7472.6,7536.1,7366,7482.4,0
1251676800000,7382,7577.4,7292.7,7444.15,0
1252281600000,7503.15,7944.65,7495.4,7914.95,0
1252886400000,7879.45,8495.95,7877.95,8379.25,0
1253491200000,8377.8,8584.2,8341.1,8456.25,0
1254096000000,8490.4,8911.75,8465.9,8861.05,0
1254700800000,8765.9,8971.5,8555,8696.8,0
1255305600000,8720.7,9575.85,8698.55,9513.4,0
1255910400000,9548.05,9630.35,9057.1,9188.4,0
1256515200000,9193.2,9225.2,8370.15,8438.6,0
1257120000000,8372.1,8780,8207.75,8723.75,0
1257724800000,8750.7,9355.4,8750.7,9155.65,0
1258329600000,9201.85,9339.1,8890.1,9219.05,0
1258934400000,9256.75,9340.75,8591.75,8945.05,0
1259539200000,9121.7,9435.9,8989,9245.05,0
1260144000000,9257.6,9309.75,9054.75,9097.2,0
1260748800000,9072.85,9131.55,8577.7,8599.95,0
1261353600000,8601,9012.45,8560.15,8968.1,0
1261958400000,8990.35,9093.65,8937.3,9029.5,0
1262563200000,9031.9,9265.55,9031.9,9160.7,0
1263168000000,9209.15,9248,8836.7,8911.1,0
1263772800000,8887.15,9202.5,8659.9,8772.65,0
1264377600000,8724.8,8751.2,8294.6,8651.55,0
1264982400000,8597.45,8718.65,8150.45,8275.2,0
1265587200000,8279.75,8451.95,8160.95,8381.4,0
1266192000000,8441.6,8602,8282.05,8487.1,0
1266796800000,8565.3,8851.35,8453.4,8722.75,0
1267401600000,8826.9,9095.3,8826.9,9038.45,0
1268006400000,9102.15,9230,9073.5,9172.9,0
1268611200000,9118.2,9294.1,8986.75,9270.8,0
1269216000000,9171.2,9473.2,9066.7,9456.2,0
1269820800000,9452.1,9587.65,9440.35,9507.75,0
1270425600000,9593.55,9793.2,9492.3,9656.5,0
1271030400000,9661.2,9667.4,9266.15,9353.75,0
1271635200000,9273.85,9824.95,9206,9813.3,0
1272240000000,9890.8,9923.15,9603.5,9870.35,0
1272844800000,9809.4,9863.45,9239.8,9276.1,0
1273449600000,9419.5,9849.05,9402.05,9589.05,0
1274054400000,9485.35,9572.05,8969.2,9135.7,0
1274659200000,9524.5,9524.5,8806.65,9312.6,0
1275264000000,9305.55,9490.95,9083.65,9455.95,0
1275868800000,9221.8,9463.05,9143.5,9451.75,0
1276473600000,9496.35,9636.8,9422.95,9576.25,0
1277078400000,9626.4,9793.15,9429.7,9451.1,0
1277683200000,9456.1,9551.9,9301.4,9357.15,0
1278288000000,9335.45,9726.5,9312.1,9713.7,0
1278892800000,9745.9,10062,9737.65,10013.5,0
1279497600000,10001.9,10120.6,9914.85,10093.9,0
1280102400000,10108.9,10243.9,9951.55,10161,0
1280707200000,10258.3,10542.9,10255.4,10383.7,0
1281312000000,10407.5,10782.2,10308.2,10737.3,0
1281916800000,10732,11127,10645.5,11033.8,0
1282521600000,11024.5,11125.8,10681.6,10727.5,0
1283126400000,10834.4,11017.2,10653.3,10991.2,0
1283731200000,11033.6,11468.8,11033.6,11446.7,0
1284336000000,11489.5,12236.8,11489.5,12104.1,0
1284940800000,12109,12340,12067.4,12263.5,0
1285545600000,12323.5,12580,12163.3,12556.8,0
1286150400000,12605.5,12738.5,12414.8,12473.4,0
1286755200000,12514.9,12827.3,12324.4,12346.5,0
1287360000000,12451.5,12535.8,12139.9,12384.8,0
1287964800000,12423.3,12580.5,11955.5,12330.8,0
1288569600000,12485.5,13303.6,12485.5,13268.7,0
1289174400000,13288,13301.5,12428.8,12457.3,0
1289779200000,12467.5,12826.9,12013.7,12063,0
1290384000000,12120.8,12414.5,11362.9,11668.8,0
1290988800000,11731.3,12535.8,11707.8,12349.2,0
1291593600000,12428,12429.5,10977.9,11447,0
1292198400000,11527.3,11623.7,11147.5,11424.2,0
1292803200000,11401,11634.7,11237.2,11477,0
1293408000000,11491.4,11828.4,11392.9,11791.5,0
1294012800000,11882.1,11912.2,11007.9,11053.3,0
1294617600000,11024.5,11161.2,10387.9,10432.9,0
1295222400000,10459.6,10923.7,10373.8,10889.4,0
1295827200000,10923.8,11257,10481.1,10578.2,0
1296432000000,10444.3,10772.5,10385.9,10433.8,0
1297036800000,10457.8,10509.8,10017.8,10447.8,0
1297641600000,10477.8,11300.5,10477.8,10949.7,0
1298246400000,10935.3,11070.3,10169,10435.8,0
1298851200000,10512.2,11134.1,10364.3,10963.4,0
1299456000000,10886.1,11054,10658.3,10741,0
1300060800000,10730.4,11018.3,10591.3,10715.9,0
1300665600000,10795.7,11420.4,10661.2,11387.3,0
1301270400000,11348.8,11898.4,11348.2,11591,0
1301875200000,11614.5,11861.2,11614.5,11673.2,0
1302480000000,11591,11950.7,11490.5,11735.7,0
1303084800000,11754.2,11926,11482.2,11894.8,0
1303689600000,11860.3,11978,11406.8,11483.8,0
1304294400000,11509.3,11543.3,10677.3,11145.1,0
1304899200000,11194.5,11213.5,10838.2,11021,0
1305504000000,10975.2,10975.2,10524.3,10664.1,0
1306108800000,10612.5,10735.2,10340,10722.7,0
1306713600000,10742,11056.4,10715.1,10782,0
1307318400000,10734.2,10918.2,10627.6,10714.2,0
1307923200000,10675.3,10830.4,10502.4,10598.2,0
1308528000000,10592.7,10875.2,10340.4,10854.5,0
1309132800000,10808.9,11360,10774.1,11255,0
1309737600000,11379,11451.2,11232.2,11285.2,0
1310342400000,11275,11385.3,10941.3,11234.5,0
1310947200000,11234.7,11388.5,11021.7,11292,0
1311552000000,11286.2,11433.1,10758.4,10893.7,0
1312156800000,11014.2,11064.9,10150.3,10354.5,0
1312761600000,10121.4,10516.9,9920.8,10182.7,0
1313366400000,10315.1,10315.1,9280.25,9404.85,0
1313971200000,9422.65,9561.9,8917.95,8974.55,0
1314576000000,9099.85,9707.45,9099.85,9581.35,0
1315180800000,9509,9972,9364.6,9678.7,0
1315785600000,9550.95,9798.75,9260.9,9720.25,0
1316390400000,9664.35,9962.95,9284.65,9375.7,0
1316995200000,9373.95,9688.65,9165.8,9468.3,0
1317600000000,9332.6,9332.6,8626.45,9038.25,0
1318204800000,9051,9691.85,8982.9,9660.4,0
1318809600000,9717.35,9865.85,9492.95,9695.35,0
1319414400000,9819.5,9932.4,9323,9917.05,0
1320019200000,9932,10080,9648.65,9836.35,0
1320624000000,9855.95,9896.15,9270.35,9292.55,0
1321228800000,9416.35,9458.35,8706,8850.25,0
1321833600000,8806.7,8806.7,8240.45,8488.6,0
1322438400000,8598.7,9200.65,8490.35,9172.75,0
1323043200000,9154.9,9273.1,8689.85,8811.1,0
1323648000000,8900.9,8920.25,8127.2,8171.9,0
1324252800000,8122.25,8451.95,7766.35,8296.45,0
1324857600000,8301.35,8420.2,7925.15,7968.65,0
1325462400000,8009.85,8586.65,7888.25,8452.8,0
1326067200000,8450.4,9073,8329.9,8975.05,0
1326672000000,8913.25,9560.15,8813.85,9516.85,0
1327276800000,9503.1,9969.25,9456.25,9813.65,0
1327881600000,9741.25,10159,9509.15,10133.7,0
1328486400000,10219.6,10555,10183.5,10442.7,0
1329091200000,10451.1,11203.3,10335.7,11074.9,0
1329696000000,11042.6,11226.8,10435.5,10506.8,0
1330300800000,10527.7,10667.3,10073.9,10450.2,0
1330905600000,10406.8,10526.5,9939.95,10505.7,0
1331510400000,10766,10912,10348,10391.3,0
1332115200000,10440.8,10583.8,10125.8,10294.5,0
1332720000000,10260.2,10263.1,9845.4,10212.8,0
1333324800000,10186.8,10502.7,10181,10340.1,0
1333929600000,10256.7,10588,10060.7,10306.2,0
1334534400000,10274.2,10645.8,10248.5,10456.5,0
1335139200000,10432.6,10521.5,10029.5,10212.7,0
1335744000000,10210.1,10382.3,9757.75,9802.35,0
1336348800000,9664.85,9924.15,9296.65,9398.1,0
1336953600000,9412.6,9498.8,8995.25,9310.25,0
1337558400000,9299.9,9522.3,9157.2,9456.3,0
1338163200000,9483.1,9783.45,9252.6,9267.6,0
1338768000000,9174.55,10031.2,9110.45,9998.85,0
1339372800000,10070.2,10224.5,9813.65,10064.8,0
1339977600000,10178.8,10197.8,9619.15,10038.3,0
1340582400000,10068.9,10360,9892.8,10340.7,0
1341187200000,10366.5,10687.9,10303.7,10655.3,0
1341792000000,10595,10782.5,10524.8,10594.5,0
1342396800000,10614.1,10708.6,10463.4,10481.6,0
1343001600000,10401.7,10402.2,10056.2,10140.5,0
1343606400000,10222.5,10468,10209.2,10315.6,0
1344211200000,10426.8,10640.8,10272,10359,0
1344816000000,10339.2,10551,10284,10417.9,0
1345420800000,10436.8,10560.8,10318.5,10332.8,0
1346025600000,10338.2,10338.2,9948.7,9990.5,0
1346630400000,10030.8,10162.2,9814.05,10147,0
1347235200000,10153.8,10664.5,10006.5,10642.9,0
1347840000000,10797.1,11433.1,10797.1,11358.5,0
1348444800000,11359.3,11536.8,11321.2,11456.8,0
1349049600000,11462.1,11745.2,10043.6,11511.4,0
1349654400000,11530.7,11530.7,11244.7,11388.5,0
1350259200000,11397.7,11605.7,11288.4,11491.2,0
1350864000000,11422.1,11656.8,11419.4,11509.2,0
1351468800000,11506.5,11600,11125.2,11460.5,0
1352073600000,11449.7,11719.1,11401.3,11475.6,0
1352678400000,11488.1,11608.8,11306,11335.5,0
1353283200000,11342.7,11570.8,11256.4,11475.8,0
1353888000000,11534.2,12175.3,11411.1,12158.9,0
1354492800000,12126.6,12480.6,12053.5,12363.7,0
1355097600000,12380,12538.9,12238,12424.7,0
1355702400000,12403.7,12571.6,12197.2,12315,0
1356307200000,12363.8,12523.5,12265.8,12458.2,0
1356912000000,12442.8,12837.8,12427.7,12787.3,0
1357516800000,12837.5,12837.5,12582.7,12617.8,0
1358121600000,12622,12908.2,12583.3,12680,0
1358726400000,12678,12749,12509.5,12693.2,0
1359331200000,12705.8,12960.7,12580.8,12606.2,0
1359936000000,12656.8,12723.3,12246,12280.2,0
1360540800000,12298.1,12486,12256.8,12336.5,0
1361145600000,12353,12470.7,12024.4,12069,0
1361750400000,12120,12137.8,11401.2,11540,0
1362355200000,11515.4,12219.5,11453.1,12197.2,0
1362960000000,12221.5,12241.3,11555.5,11816.5,0
1363564800000,11679.3,11814.8,11173.3,11204,0
1364169600000,11327.4,11413.2,11048.4,11361.8,0
1364774400000,11415,11590.6,11021.4,11099,0
1365379200000,11075.8,11442.9,10888.8,11410.1,0
1365984000000,11358,12313,11334.8,12288.2,0
1366588800000,12317.4,12755.8,12317.4,12533.2,0
1367193600000,12560.3,12783.3,12364.7,12393.6,0
1367798400000,12358.3,12811.2,12188.3,12780.2,0
1368403200000,12760.5,13355.1,12516.1,13317.1,0
1369008000000,13332.7,13414.3,12582.5,12769.3,0
1369612800000,12751.5,13016.5,12453.2,12475.7,0
1370217600000,12453.4,12520.5,12184,12231.5,0
1370822400000,12292.7,12363.8,11656.9,11922.8,0
1371427200000,11928.3,11993,11210.8,11340.2,0
1372032000000,11272.2,11654.7,11033.8,11617.2,0
1372636800000,11597.5,11752.9,11273.6,11434.3,0
1373241600000,11328.2,11743.2,11176.7,11722.8,0
1373846400000,11678.9,11811.9,10829.8,10973.9,0
1374451200000,10948.4,11285.8,10353,10465.2,0
1375056000000,10451.8,10451.8,9863.05,9997.8,0
1375660800000,10031.3,10117.7,9660.3,9816.4,0
1376265600000,9849.85,10071.2,9420.15,9450.85,0
1376870400000,9425.5,9766.1,8860.15,9470.1,0
1377475200000,9529.7,9586.65,8366.75,9049.2,0
1378080000000,9112.8,9989.85,8605.65,9961.4,0
1378684800000,10084,10409.2,9980.5,10180.5,0
1379289600000,10418.5,11219.5,10175,10686.8,0
1379894400000,10466.3,10509.5,9883.95,9899.75,0
1380499200000,9783.9,10328.8,9582.75,10197.2,0
1381104000000,10124.2,10649.3,9877.45,10622.2,0
1381708800000,10589,10784,10274.3,10744.9,0
1382313600000,10751.7,11091.6,10700.5,10896.5,0
1382918400000,10924.5,11694.5,10669,11614,0
1383523200000,11539.8,11736.2,10841.6,10913.2,0
1384128000000,10786.2,10940.5,10412,10811.2,0
1384732800000,10962.2,11207.7,10630.5,10677.3,0
1385337600000,10780.6,11186.2,10780.6,11154,0
1385942400000,11180.3,11770.7,11107.8,11720.2,0
1386547200000,12207,12226,11349.8,11366.9,0
1387152000000,11347.2,11572.3,11040.2,11292.3,0
1387756800000,11258.7,11514.5,11258.7,11459.7,0
1388361600000,11532.6,11578.9,11052.6,11181.7,0
1388966400000,11174.3,11174.3,10788.2,10805.3,0
1389571200000,10814.7,11192.8,10814.7,10911.3,0
1390176000000,10909.9,11248.3,10876.2,10982.4,0
1390780800000,10802.3,10802.3,10101.2,10237.8,0
1391385600000,10205.5,10321.5,9944,10263.2,0
1391990400000,10287.3,10395.2,10064.8,10203.8,0
1392595200000,10217.2,10630.2,10205.8,10554.3,0
1393200000000,10509,10793.6,10471.5,10764.7,0
1393804800000,10705.5,11947.5,10613,11884.8,0
1394409600000,11784.5,12308.7,11784.5,12055.8,0
1395014400000,12093.2,12268.8,11990,12075.8,0
1395619200000,12134.7,12787.5,12134.7,12754.7,0
1396224000000,12855.5,12869.3,12430.8,12551.7,0
1396828800000,12562.3,13055.6,12439.5,12840.2,0
1397433600000,12830.5,12831.6,12514.8,12787.2,0
1398038400000,12845.3,13268.6,12838.8,13034.5,0
1398643200000,13039,13124.3,12738.6,12842,0
1399248000000,12841.4,13814.2,12773,13750.5,0
1399852800000,13801,15742,13801,14853,0
1400457600000,15032,15362.5,14857.5,15285.5,0
1401062400000,15432,15568,14709.3,14793.4,0
1401667200000,14786.5,15576,14770,15543.2,0
1402272000000,15625.4,15725.8,15083.9,15106.9,0
1402876800000,15055.2,15461.5,14858.9,14997.7,0
1403481600000,15014.2,15342,14940.3,14992.3,0
1404086400000,15059.1,15582.7,15059.1,15556.2,0
1404691200000,15589.5,15592.8,14406.7,14447.2,0
1405296000000,14508.1,15463.2,14338.7,15389.3,0
1405900800000,15510,15626.9,15272.5,15322.2,0
1406505600000,15399.5,15499.5,15096.1,15127.8,0
1407110400000,15242.2,15343.5,14709.1,14765.8,0
1407715200000,14858.8,15144.8,14807,15089.7,0
1408320000000,15099.7,15865.3,15068.3,15819.2,0
1408924800000,15817.5,15973.3,15503.4,15740.4,0
1409529600000,15790.2,16208.5,15790.2,15982.5,0
1410134400000,16084.2,16309.7,16049.2,16254.2,0
1410739200000,16158.7,16239.7,15770.8,16152.2,0
1411344000000,16052.5,16272.3,15168.4,15607.2,0
1411948800000,15636.5,15636.5,15271,15316.2,0
1412553600000,15214.2,15795.7,15130.3,15453.8,0
1413158400000,15360.7,15973.5,15301.7,15929.8,0
1413763200000,16259.7,16572.5,16157,16470.1,0
1414368000000,16538.9,17060.2,16470.8,17045.1,0
1414972800000,17087,17425.2,16934.8,17347.1,0
1415577600000,17364.7,17651,17203,17576.8,0
1416182400000,17571.7,18139.9,17469.2,18056.3,0
1416787200000,18128.6,18615.4,17890.8,18513.2,0
1417392000000,18586.9,18875.4,18301,18756.8,0
1417996800000,18804.9,18804.9,18183.1,18299.8,0
1418601600000,18176.7,18563.6,17502.4,18478.9,0
1419206400000,18562.3,18923.6,18424,18557.2,0
1419811200000,18589.6,19118.8,18428.1,19057.8,0
1420416000000,19155.2,19166,18211.5,18637.2,0
1421020800000,18632,19410.4,18517.9,19223.2,0
1421625600000,19345.7,20167.7,19299.1,20072.7,0
1422230400000,20179.8,20907.6,19732.4,19843.8,0
1422835200000,19778.9,19991.4,18740.3,18786.7,0
1423440000000,18650,19441,18226.9,19369.7,0
1424044800000,19518.8,19532.7,18876.2,19073.6,0
1424649600000,19199.2,19776.9,18489.6,19691.2,0
1425254400000,19954.5,20541.7,19398.8,19748,0
1425859200000,19545.2,19545.2,18737.3,18779.8,0
1426464000000,18786.7,19373.4,18541.5,18606.3,0
1427068800000,18695.1,18696.7,17719.3,18044.8,0
1427673600000,18160.2,18668.8,18089.4,18617.8,0
1428278400000,18702.6,18896.5,18351.8,18800.8,0
1428883200000,18842.2,19038.5,18321.8,18345.6,0
1429488000000,18386.2,18500.3,17798.7,18001.9,0
1430092800000,18063.6,18431.9,17738.9,18338.1,0
1430697600000,18417.5,18586.3,17246.6,17796.6,0
1431302400000,17921.2,18260.3,17597.8,18183.2,0
1431907200000,18274.6,18755.4,18213.8,18433.3,0
1432512000000,18405.1,18751.2,18226,18721.3,0
1433116800000,18721.2,18832.5,17469.7,17549.2,0
1433721600000,17542.5,17821.9,17174.7,17523.6,0
1434326400000,17499.3,17935.3,17293.4,17880.8,0
1434931200000,17956.6,18539.2,17950.6,18371.5,0
1435536000000,17962.5,18756.7,17821.9,18729.7,0
1436140800000,18488.3,18980.7,18402.8,18719.8,0
1436745600000,18753.8,19229.1,18657.6,19094.7,0
1437350400000,19126.1,19149.1,18613.6,18635.8,0
1437955200000,18566.6,18828.8,18174.2,18729.8,0
1438560000000,18782.7,19103.7,18758.9,18893.6,0
1439164800000,18926.1,19071.3,18034.8,18723.6,0
1439769600000,18763.1,18896.4,17842.1,18057.2,0
1440374400000,17446.3,17569.8,16670.6,17211.9,0
1440979200000,17137.2,17353.3,15933.2,16129.1,0
1441584000000,16222.2,16781.6,15762.2,16612.6,0
1442188800000,16596.5,17602,16525.2,17409.2,0
1442793600000,17186.1,17652.3,16759,17196.7,0
1443398400000,17286.2,17461.3,16648.3,17150.2,0
1444003200000,17373.6,17827.2,17362.7,17590.2,0
1444608000000,17642.6,17947.8,17434.1,17912.8,0
1445212800000,17911.7,17980.5,17565.3,17934.1,0
1445817600000,18027.1,18029.1,17170.3,17354.5,0
1446422400000,17351.4,17466.2,16911.6,17086.5,0
1447027200000,16667.9,17069,16587.2,16932.8,0
1447632000000,16881.7,17302.6,16787.6,17055.6,0
1448236800000,17120.2,17403.7,16964.9,17370.9,0
1448841600000,17336.2,17498.3,16880.3,16897.3,0
1449446400000,17018,17031.8,16260.1,16342.5,0
1450051200000,16212.4,16771.8,16188,16594.3,0
1450656000000,16593.4,16946.1,16580.7,16811,0
1451260800000,16843.4,17067.4,16824.1,17039.2,0
1451865600000,16966.3,16966.3,16049.8,16142.7,0
1452470400000,15979,16156.8,15154.3,15206.3,0
1453075200000,15165.2,15575.7,14754.7,15497.5,0
1453680000000,15667,15682.7,15136.8,15522.4,0
1454284800000,15547.8,15565.5,14761.4,15162,0
1454889600000,15206.3,15367.9,13810.6,13971.5,0
1455494400000,14120.9,14602.2,13892.1,14344.2,0
1456099200000,14331.2,14467.2,13519.9,13791.5,0
1456704000000,13818.9,15451.8,13407.2,15339.2,0
1457308800000,15323.5,15354.2,14989.4,15168.2,0
1457913600000,15309,15704.8,15178.3,15654.8,0
1458518400000,15735.5,15967.8,15735.5,15887.8,0
1459123200000,15867.8,16282.8,15522.2,16174.9,0
1459728000000,16236.9,16278.5,15458,15530.8,0
1460332800000,15623.3,16349.7,15440.2,16278.5,0
1460937600000,16328.7,16769.6,16011.9,16703.4,0
1461542400000,16746.9,17029.8,16527.6,16795,0
1462147200000,16614,16719.4,16186.2,16296.6,0
1462752000000,16357,16962,16357,16716.9,0
1463356800000,16744.2,16903.3,16431.7,16481.4,0
1463961600000,16560.2,17543.3,16368,17511.8,0
1464566400000,17580.8,17762.1,17350.4,17680.8,0
1465171200000,17710.4,18051.5,17636.9,17828.6,0
1465776000000,17620.6,17943.7,17527.6,17696.1,0
1466380800000,17425.8,17907.5,16946.3,17426.1,0
1466985600000,17346.3,18074.9,17346.3,17985.7,0
1467590400000,18091.8,18146.6,17910.9,18016.2,0
1468195200000,18268.2,19016.1,18243.3,18953.7,0
1468800000000,18998.3,19158,18551.3,18690.4,0
1469404800000,18594.9,19126.8,18572.1,18953.2,0
1470009600000,18896.5,19078.5,18443.7,18925.9,0
1470614400000,18986.8,19028.7,18537.1,18963.7,0
1471219200000,19029.1,19457.4,18839.4,19414.7,0
1471824000000,19432.6,19493.2,19133.9,19195.8,0
1472428800000,19174.4,19928.2,19096.7,19883.2,0
1473033600000,19990.9,20575.8,19990.9,20245.3,0
1473638400000,19861.4,20227.2,19730.2,19855.4,0
1474243200000,19892.2,20264.8,19749.9,19901.8,0
1474848000000,19792.2,19794.2,19059.1,19285.7,0
1475452800000,19395.6,19816.5,19318,19400.1,0
1476057600000,19489.5,19501.4,18824.4,19020.2,0
1476662400000,19136.3,19744,19002.4,19710.9,0
1477267200000,19763.8,19922.7,19252.1,19523.6,0
1477872000000,19578.6,19591.7,18961.2,19058.1,0
1478476800000,19317.8,20309.7,18143.7,19738.8,0
1479081600000,19808.3,19861.8,18897.1,18959.1,0
1479686400000,19063.8,19075.9,18215.8,18507.3,0
1480291200000,18237.2,18713.1,18163.8,18247.7,0
1480896000000,18245,18739.7,17952.6,18695.8,0
1481500800000,18616.1,18616.1,18122.1,18312.8,0
1482105600000,18258.1,18316.8,17819.8,17884,0
1482710400000,17825.5,18245.8,17606.9,18177.2,0
1483315200000,18242.3,18325.5,17830.9,18264,0
1483920000000,18314.2,18966.3,18256.2,18912.1,0
1484524800000,18899.7,19276.5,18793.1,18820.8,0
1485129600000,18762,19794.9,18722.8,19708.3,0
1485734400000,19718.8,20229.7,19435.4,20196.8,0
1486339200000,20307.2,20462.4,20000.3,20213.9,0
1486944000000,20273.7,21042.3,20088.2,20551.3,0
1487548800000,20494.8,21011.9,20472.4,20876.7,0
1488153600000,20853.4,20905,20423.3,20495.6,0
1488758400000,20548.9,20876.9,20532.2,20727.6,0
1489363200000,21189.8,21336.1,21059.7,21175.1,0
1489968000000,21202.6,21202.6,20753.9,21122.6,0
1490572800000,21178.1,21696,20979.6,21444.2,0
1491177600000,21539.2,21699.3,21397,21431.2,0
1491782400000,21492.1,21787.1,21396.1,21686.6,0
1492387200000,21700.5,21947,21386.2,21551.4,0
1492992000000,21591.9,22383,21578.7,22358.2,0
1493596800000,22412.6,22853.6,22240.1,22604.9,0
1494201600000,22678.4,22977.8,22578,22671.7,0
1494806400000,22735.8,22978.2,22628.4,22769.8,0
1495411200000,22874.8,23408.3,22469.8,23362.2,0
1496016000000,23310.6,23469.4,23093.9,23375.9,0
1496620800000,23397.4,23708.7,23349.9,23690.9,0
1497225600000,23610.2,23630.1,23311.8,23502.8,0
1497830400000,23571.3,23897.8,23507.5,23542.8,0
1498435200000,23636.9,23640.1,22996.4,23211.2,0
1499040000000,23240.3,23540.2,23144.3,23449.2,0
1499644800000,23583.2,23964.8,23289.9,23937.7,0
1500249600000,24011.4,24299.6,23913.7,24257.1,0
1500854400000,24307.7,25032.2,24234.7,24811.3,0
1501459200000,24880.6,25198.8,24591.8,24827.4,0
1502064000000,24854.2,24979.3,23822.2,23985.8,0
1502668800000,24051.1,24496.2,23925.9,24074.4,0
1503273600000,24140.6,24411.1,23852.7,24274.2,0
1503878400000,24351.2,24494.3,24103.3,24434,0
1504483200000,24456.3,24459.3,24151.1,24370.8,0
1505088000000,24468.5,24994.3,24458.2,24844.3,0
1505692800000,24948.2,25105.3,24340,24368.8,0
1506297600000,24361.6,24363.8,23611.1,24053,0
1506902400000,24200.6,24242.1,24007.2,24190,0
1507507200000,24209.6,24779.8,23978.4,24689.2,0
1508112000000,24815.4,24878.7,23923.7,24009.8,0
1508716800000,24085.4,25186.1,23912.6,24839.6,0
1509321600000,24873.7,25695.5,24808.6,25650.7,0
1509926400000,25569,25695.8,25119.5,25498.9,0
1510531200000,25570.2,25924.9,25166.3,25728.4,0
1511136000000,25733.7,25871.1,25620.9,25779.7,0
1511740800000,25693.1,25953.5,25152.7,25191.9,0
1512345600000,25295.1,25367.7,24813.6,25321.2,0
1512950400000,25434.8,25559.1,24888.7,25440.3,0
1513555200000,25181.8,25780.1,24617.2,25648.6,0
1514160000000,25659.8,25733.2,25417.4,25539.4,0
1514764800000,25565.8,25643.3,25232.8,25601.8,0
1515369600000,25690.2,25803.8,25527.5,25749.1,0
1515974400000,25858.2,26957.8,25842.9,26909.5,0
1516579200000,26940.5,27522.8,26841.2,27445.7,0
1517184000000,27446.1,27652.1,26364.1,26451.2,0
1517788800000,25968.2,26215.1,25023.8,25463.7,0
1518393600000,25530.1,25810.2,25100.9,25163.9,0
1518998400000,25324.6,25345.2,24781.7,25302.5,0
1519603200000,25452,25723.6,24854.4,24902.6,0
1520208000000,24831.3,25040.2,24048.6,24296.4,0
1520812800000,24443.6,25009.7,24358.5,24489.6,0
1521417600000,24530.2,24588.1,23605.6,23670.4,0
1522022400000,23674.9,24496.9,23657.1,24263.3,0
1522627200000,24235.7,24933.6,24062.9,24873.2,0
1523232000000,24848.8,25411.3,24828,25200.6,0
1523836800000,25082.1,25426.8,24839.3,24943.8,0
1524441600000,25065.5,25441.5,24466.1,25394.6,0
1525046400000,25490.2,25716.8,25464.8,25645.4,0
1525651200000,25676.2,26437.2,25675.2,26413.2,0
1526256000000,26404.4,26972.1,25839,25875.6,0
1526860800000,26017.5,26325.6,25622.2,26273.6,0
1527465600000,26291.7,27164.6,25980.8,26692.8,0
1528070400000,27023.7,27047.6,26069.6,26451.3,0
1528675200000,26473.2,26765.4,26344.9,26417.4,0
1529280000000,26444.3,26806.6,26224.8,26766.8,0
1529884800000,26718.2,26804.9,26161,26364.2,0
1530489600000,26364.4,26609.8,26060.6,26493.8,0
1531094400000,26642.3,27164.8,26611.6,26935.9,0
1531699200000,26914.5,27187.2,26643.9,26873.2,0
1532304000000,26701.3,27661.1,26671.3,27634.4,0
1532908800000,27767.7,27873.7,27327.9,27695.5,0
1533513600000,27769.6,28377.9,27766.1,28124.2,0
1534118400000,27760.8,28178.2,27739.5,28128.6,0
1534723200000,28171.7,28325.4,27782.8,27834.7,0
1535328000000,27971.2,28388.7,27940.9,28061.8,0
1535932800000,28199.4,28203.2,27136.1,27481.4,0
1536537600000,27395.2,27404.8,26555.2,27163.8,0
1537142400000,27002.6,27002.6,25053.3,25596.9,0
1537747200000,25645.1,25649.7,24678.2,25119.8,0
1538352000000,24943.9,25470.1,24250.7,24443.4,0
1538956800000,24470.8,25484.2,24240.1,25395.8,0
1539561600000,25444,25915.3,24922.7,25085.8,0
1540166400000,25484.2,25504.8,24353.1,24421.1,0
1540771200000,24647.9,25856.2,24404.6,25701.7,0
1541376000000,25731.6,25860.8,25534.4,25771,0
1541980800000,25816.2,26332.8,25384.6,26245.6,0
1542585600000,26364.6,26379.1,25947.8,25999.4,0
1543190400000,26096,27012.7,26025.1,26862.9,0
1543795200000,27032.9,27037.1,26149.4,26594.3,0
1544400000000,26073.7,26951.4,25598.9,26826,0
1545004800000,26915.4,27369.1,26823.1,26869.7,0
1545609600000,26877.1,27239.9,26408.2,27125.2,0
1546214400000,27267.8,27430.6,26923.8,27195,0
1546819200000,27378.7,27754.4,27161.9,27453.9,0
1547424000000,27389.2,27611.6,27182.2,27456.7,0
1548028800000,27514.6,27622.2,27045.2,27115.3,0
1548633600000,27041.4,27533.1,26441.6,27085.9,0
1549238400000,26974,27589.8,26825.6,27294.4,0
1549843200000,27240.5,27305.9,26635.2,26794.2,0
1550448000000,26754.6,27100.9,26617.7,26867.6,0
1551052800000,26934.2,27197.1,26719.4,27043.9,0
1551657600000,27068.2,27815.5,26958.1,27761.8,0
1552262400000,27840.1,29520.7,27791.2,29381.4,0
1552867200000,29521.6,30008.1,29361.7,29582.5,0
1553472000000,29329.4,30499.2,29156.2,30426.8,0
1554076800000,30537.6,30648.1,29809.9,30084.7,0
1554681600000,30201.5,30232.1,29640.2,29938.6,0
1555286400000,29983.5,30669.8,29919.1,30223.4,0
1555891200000,30282.5,30289.9,29435.1,30013.5,0
1556496000000,29920.4,30121.8,29550.1,29954.2,0
1557100800000,29626.5,29835.5,28784.7,29040.5,0
1557705600000,29026.7,29559.4,28525.4,29450.2,0
1558310400000,30230.4,31705,30111.2,31212.6,0
1558915200000,31234.9,31783.6,30623.1,31375.4,0
1559520000000,31406.1,31752.7,30627.1,31066.6,0
1560124800000,31259.2,31399.3,30508.9,30614.3,0
1560729600000,30652,30824.6,30220.7,30628.3,0
1561334400000,30680.9,31490.6,30451.4,31105.2,0
1561939200000,31271,31660.8,31105.1,31475.8,0
1562544000000,31346.8,31370.4,30346.7,30601.4,0
1563148800000,30688.8,30799.7,29705.8,29770.3,0
1563753600000,29617.1,29635.2,28871,29325.3,0
1564358400000,29583.4,29592.9,27936.3,28204.9,0
1564963200000,27841.2,28602.8,27389.5,28431.9,0
1565568000000,28356.8,28358.8,27683.5,28217,0
1566172800000,28331.2,28468.9,26560.6,26958.7,0
1566777600000,27663.9,28277.7,26859.3,27427.8,0
1567382400000,27239.2,27311.1,26641.3,27247.9,0
1567987200000,27240.3,28126.8,26993.9,28098.8,0
1568592000000,27868,29418.9,26643,28981.6,0
1569196800000,30039.4,30801.3,29470.1,29876.7,0
1569801600000,29674.8,29754.4,27653.7,27731.8,0
1570406400000,27909.9,28857.7,27568.3,28042.5,0
1571011200000,28238.5,29249.5,28043.2,29120.2,0
1571616000000,29416.2,29693.2,28923.8,29516.3,0
1572220800000,29527.6,30415.7,29385.4,30330.6,0
1572825600000,30415.9,31108.4,30013.7,30749.4,0
1573430400000,30664.7,31205.2,30338.3,31008.4,0
1574035200000,31036.8,31471.7,30901.8,31111.6,0
1574640000000,31065.1,32157.1,31049.8,31946.1,0
1575244800000,32008.3,32126.9,31250.7,31341.6,0
1575849600000,31321.4,32105.1,30996.4,32014.2,0
1576454400000,32159,32443.3,31897.8,32384.9,0
1577059200000,32381,32502.8,31963.2,32412.3,0
1577664000000,32486.6,32613.1,31960.4,32069.2,0
1578268800000,31910.4,32347.2,30899.6,32097.4,0
1578873600000,32139.1,32322.7,31445.5,31590.7,0
1579478400000,31923.9,31923.9,30614,31241.8,0
1580083200000,31110.6,31227.1,29753,29820.9,0
1580688000000,29811.8,31470.7,29612.6,31201.9,0
1581292800000,31248.7,31649.4,30776.1,30834.8,0
1581897600000,30873.8,31085.3,30252.4,30942.8,0
1582502400000,30666.3,30702.2,29051.5,29147.2,0
1583107200000,29701,29791.2,27162.3,27801.4,0
1583712000000,27031.4,27091.6,21351.7,25166.4,0
1584316800000,24061.6,24074.2,18675.7,20317.6,0
1584921600000,18311.3,21462.4,16116.2,19969,0
1585526400000,19254.4,19716.2,17143.2,17249.3,0
1586131200000,18454.6,20324.1,17953.8,19913.6,0
1586736000000,19854.9,20866.6,18703.4,20681.4,0
1587340800000,21104.7,21122.1,19051.9,19586.7,0
1587945600000,19870.8,21967,19847.7,21534.5,0
1588550400000,20514.8,20530.4,18941,19352.9,0
1589155200000,19610.4,20122.2,18287,18833.9,0
1589760000000,18795.1,18795.1,17105,17278.9,0
1590364800000,17537.7,19455.6,17311.2,19297.2,0
1590969600000,19728.9,21619.6,19632.9,21034.5,0
1591574400000,21636.1,21807.4,19526.1,20654.6,0
1592179200000,20457.2,21467.7,19507.1,21338.1,0
1592784000000,21491.6,22479.6,20926.4,21592.1,0
1593388800000,21291.6,22344.8,21026.4,21852.4,0
1593993600000,22270.9,23080.6,22040.3,22398.4,0
1594598400000,22613.2,22657.4,21027.8,21966.8,0
1595203200000,22307.3,23211.3,22187.8,22662.1,0
1595808000000,22664.6,22668.1,21375,21640.1,0
1596412800000,21543.8,21936.5,21031.4,21754,0
1597017600000,22050.2,22439.9,21459.1,21679.4,0
1597622400000,21906.9,22419.3,21403.2,22299.6,0
1598227200000,22436.8,24611.8,22410.1,24523.8,0
1598832000000,25038.8,25232.6,22876.9,23011.5,0
1599436800000,23036.2,23109.1,22080.4,22479.9,0
1600041600000,22683.3,22757.3,21784.9,22031.1,0
1600646400000,21983.4,22098.8,20404.9,20982.3,0
1601251200000,21152.1,22293.8,21055.1,22246,0
1601856000000,22352.1,23904.1,22247.2,23846.8,0
1602460800000,23955.6,24190.3,22970.9,23533.2,0
1603065600000,23902.9,24823.6,23754.8,24478.3,0
1603670400000,24525.8,24809.7,23612.7,23900.9,0
1604275200000,24367.6,26853.4,24120.6,26798.9,0
1604880000000,27088.9,29030.9,27068.9,28594.3,0
1605484800000,28792.2,29784.8,28580.9,29236,0
1606089600000,29432.8,30197.8,28852.9,29609.1,0
1606694400000,29844.8,30162.3,29149.9,30052.4,0
1607299200000,30062.6,30811.8,29950.6,30604.8,0
1607904000000,30735.2,30945.2,30345.8,30714.7,0
1608508800000,30595.8,30607.5,28976.8,30402.2,0
1609113600000,30558.8,31510.2,30538.2,31225.8,0
1609718400000,31485.2,32298.1,30893.7,32084.2,0
1610323200000,32280.3,32718.9,31725.8,32246.8,0
1610928000000,32275.2,32842.3,31119.9,31167.2,0
1611532800000,31507.2,31697.6,29687.7,30565.5,0
1612137600000,30976.3,36615.2,30906.4,35654.5,0
1612742400000,36073.9,36477.1,35428.1,36108.9,0
1613347200000,36501.4,37708.8,35584.6,35841.6,0
1613952000000,35874.3,37232.2,34658.7,34803.6,0
1614556800000,35374.2,36455.1,34893.2,35228.1,0
1615161600000,35462.4,36497.4,35090.8,35496.6,0
1615766400000,35544.2,35544.2,33361,34161.6,0
1616371200000,34088.4,34360.1,32415.2,33318.2,0
1616976000000,33615.9,33990.8,33151.8,33858,0
1617580800000,33649.1,33697.8,32141.6,32448.1,0
1618185600000,31637.9,32325.2,30520.3,31977.4,0
1618790400000,30993.4,32148.4,30405.7,31722.3,0
1619395200000,32316.7,34287,32144.8,32781.8,0
1620000000000,32368.6,33259.1,31906.6,32904.5,0
1620604800000,33175.3,33297.6,32115.5,32169.6,0
1621209600000,32437.8,34694.4,32318.7,34606.9,0
1621814400000,34869.3,35436.6,34410.4,35141.4,0
1622419200000,35097.4,35810.9,34930.1,35291.6,0
1623024000000,35460.8,35545.9,34641.2,35047.4,0
1623628800000,34936.6,35380,33908.9,34558,0
1624233600000,34109.4,35491.9,33937.5,35364.6,0
1624838400000,35488.2,35576.9,34632.6,34809.9,0
1625443200000,35010.9,35811,34859.9,35071.9,0
1626048000000,35285.1,35985.2,35060.4,35751.8,0
1626652800000,35070.5,35347.1,34357.4,35034.4,0
1627257600000,34947.9,35186.1,34115.2,34584.4,0
1627862400000,34760.9,36219.8,34588.2,35809.2,0
1628467200000,35824.2,36317,35531.4,36169.4,0
1629072000000,36100.6,36261.6,34926.5,35033.9,0
1629676800000,35424.2,35910.3,34817.5,35627.8,0
1630281600000,35781.1,37140,35721.9,36761.1,0
1630886400000,36878.2,36923.6,36151.9,36683.2,0
1631491200000,36608.4,38112.8,36327.1,37811.9,0
1632096000000,37388.2,38112.6,36525.9,37830.3,0
1632700800000,38054.8,38377.2,36876.4,37225.9,0
1633305600000,37392.1,38106.9,37355.6,37775.2,0
1633910400000,37782.8,39375.1,37744.6,39340.9,0
1634515200000,39794.2,40587.4,39292.8,40323.6,0
1635120000000,40961.2,41829.6,38426.6,39115.6,0
1635724800000,39432.1,40160.2,39120.6,39573.7,0
1636329600000,39674.1,39674.1,38346.1,38733.4,0
1636934400000,38849.4,39117.1,37748.4,37976.2,0
1637539200000,38232.1,38241,35904.1,36025.5,0
1638144000000,36224.4,36844,35327.9,36197.1,0
1638748800000,36252.8,37397.6,35696.8,37105.6,0
1639353600000,37358.2,37581.1,35535.1,35618.6,0
1639958400000,35124.4,35477.3,34018.4,34857.1,0
1640563200000,34573.6,35596.9,34233,35481.7,0
1641168000000,35585.2,38134.9,35526.6,37739.6,0
1641772800000,37930.6,38851.4,37929.4,38370.4,0
1642377600000,38212.6,38855.6,37224.2,37574.3,0
1642982400000,37601.9,38421.7,36375.4,37689.4,0
1643587200000,38091.8,39424.9,37647.9,38789.4,0
1644192000000,38592.1,39197.2,37319.1,38517.2,0
1644796800000,37664,38461.7,36651.9,37599.1,0
1645401600000,37400,38054.4,34991.4,36430.8,0
1646006400000,35938.9,36270.2,34094.1,34407.8,0
1646611200000,33278.1,35374.1,32155.3,34546.2,0
1647216000000,34660.2,36611.9,34625.1,36428.6,0
1647820800000,36545.9,36827.6,35203.9,35410.1,0
1648425600000,35488.7,37209.8,35016.3,37148.5,0
1649030400000,37824.9,38765.9,37346.8,37752.1,0
1649635200000,37591.8,37988.6,37264.4,37463.4,0
1650240000000,36833.1,37123.6,35926.3,36044.8,0
1650844800000,35792.4,36718.8,35511.4,36088.1,0
1651449600000,35627.6,36309.3,34353.2,34591.2,0
1652054400000,34091.8,34793.2,33007.9,33121.4,0
1652659200000,33256,34655.8,33001.8,34276.4,0
1653264000000,34321.4,35694.9,34115.8,35613.3,0
1653868800000,35958.8,36083.7,35175.1,35275.1,0
1654473600000,35159.1,35449.9,34346.6,34483.8,0
1655078400000,33728.6,33774.1,32290.6,32743.1,0
1655683200000,32873.4,33721.9,32426.4,33627.4,0
1656288000000,34126.2,34147.5,33080.4,33539.4,0
1656892800000,33558.9,35262.1,33515.6,35124.1,0
1657497600000,35017.6,35543.1,34463.9,34682.6,0
1658102400000,34841.9,36823.4,34804.4,36738.9,0
1658707200000,36766.7,37754.6,36248.6,37491.4,0
1659312000000,37594.1,38231.9,37249.5,37920.6,0
1659916800000,37847.4,39088.9,37681.4,39042.3,0
1660521600000,39284.1,39759.1,38848.4,38985.9,0
1661126400000,38693.6,39471.8,37950.9,38987.1,0
1661731200000,38111.6,39667.6,37943.9,39421,0
1662336000000,39412.1,40685.9,39258.2,40415.7,0
1662940800000,40540.4,41840.1,40288.9,40776.8,0
1663545600000,40685.6,41677.6,39412.7,39546.2,0
1664150400000,39027.9,39229.4,37386.4,38631.9,0
1664755200000,38444.9,39608.4,37963.2,39178.1,0
1665360000000,38641.6,39570.9,38437.9,39305.6,0
1665964800000,39295.6,41032.2,39146.7,40784.1,0
1666569600000,41348.4,41530.6,40839.3,40990.9,0
1667174400000,41265.7,41677.2,40819.1,41258.4,0
1667779200000,41740.6,42345.5,41318.6,42137.1,0
1668384000000,42177.6,42622.8,41965.4,42437.4,0
1668988800000,42286.9,43339.1,42202.6,42983.9,0
1669593600000,42757.2,43515.1,42740,43103.8,0
1670198400000,43269.4,43853.4,42948.4,43633.4,0
1670803200000,43455.9,44151.8,43080.6,43219.5,0
1671408000000,43346.4,43614.6,41597.6,41668.1,0
1672012800000,41716.4,43498.1,41569.4,42986.4,0
1672617600000,43038.2,43578.4,41877,42188.8,0
1673222400000,42404.9,42716.8,41729,42371.2,0
1673827200000,42622.5,42715.6,41861.1,42506.8,0
1674432000000,42891.4,43078.9,40148.8,40345.3,0
1675036800000,39856.1,42015.6,39419.8,41499.7,0
1675641600000,41530.1,41791.9,41095.1,41559.4,0
1676246400000,41563.5,41979.1,40882.7,41131.8,0
1676851200000,41221.6,41292.6,39600.2,39909.4,0
1677456000000,39820.4,41390.1,39745.4,41251.4,0
1678060800000,41418.4,41671.2,40341.7,40485.4,0
1678665600000,40356.1,40690.1,38613.1,39598.1,0
1679270400000,39512.1,40201.6,38941.9,39395.4,0
1679875200000,39484.7,40690.4,39273.8,40608.6,0
1680480000000,40695.8,41274.7,40535.9,41041,0
1681084800000,41116.1,42196.2,40727.2,42132.6,0
1681689600000,42603.6,42603.6,41799,42118,0
1682294400000,42469.9,43302.1,42269.1,43233.9,0
1682899200000,43395.1,43739.8,42582.2,42661.2,0
1683504000000,42796.9,43905.9,42780.3,43793.6,0
1684108800000,43821.1,44151.7,43446.4,43969.4,0
1684713600000,43935.3,44095.2,43390.3,44018,0
1685318400000,44276.8,44498.6,43706.1,43937.9,0
1685923200000,44103.2,44459.2,43917.9,43989,0
1686528000000,44035.2,44212.4,43397.5,43938.1,0
1687132800000,44015.3,44042.1,43345.9,43622.9,0
1687737600000,43714.8,44787.1,43541.8,44747.4,0
1688342400000,44957.9,45655.5,44844.8,44925,0
1688947200000,44958.6,45184.3,44547.8,44819.3,0
1689552000000,44951.2,46369.5,44695.1,46075.2,0
1690156800000,46131.9,46310.1,45238.8,45468.1,0
1690761600000,45546.4,45782.8,44279.4,44879.5,0
1691366400000,44993.7,45096.9,44120.9,44199.1,0
1691971200000,44066.6,44212.8,43600.4,43851.1,0
1692576000000,43952.9,44949.9,43862,44231.4,0
1693180800000,44253.6,44779.6,43830.8,44436.1,0
1693785600000,44647.6,45383.4,44207.2,45156.4,0
1694390400000,45340.8,46310.4,45231.3,46231.5,0
1694995200000,46100.9,46252.9,44548.9,44612.1,0
1695600000000,44615,44936.6,44182.5,44584.6,0
1696204800000,44561.5,44566.3,43857.5,44360.6,0
1696809600000,44057.8,44710.6,43796.8,44287.9,0
1697414400000,44204.8,44589.9,43558.1,43723.1,0
1698019200000,43822.7,43831.3,42105.4,42782,0
1698624000000,42721.4,43416.1,42390.5,43318.2,0
1699228800000,43627.8,44056,43283.9,43996.6,0
1699833600000,43915.1,44420.9,43513.9,43583.9,0
1700438400000,43591.5,43806.5,43230.9,43769.1,0
1701043200000,43851.6,44951.1,43739.8,44814.2,0
1701648000000,45671.5,47303.6,45484.2,47262,0
1702252800000,47233.3,48219.9,46886.9,48143.6,0
1702857600000,48068.5,48166.1,46919.7,47491.9,0
1703462400000,47576.4,48636.4,47411.6,48292.2,0
1704067200000,48203.4,48450,47481.4,48159,0
1704672000000,48096.6,48154.5,47010.8,47709.8,0
1705276800000,47891.1,48305.4,45430.7,46058.2,0
1705881600000,46495.4,46580.3,44429,44866.1,0
1706486400000,45171.5,46892.4,45071.2,45970.9,0
1707091200000,45962.2,46181.2,44859.1,45634.6,0
1707696000000,45664.3,46693.4,44633.9,46384.9,0
1708300800000,46554.9,47363.4,46317.7,46811.75,0
1708905600000,46615.85,47433.85,45661.75,47297.5,0
1709510400000,47318.5,48161.25,47191.65,47835.8,0
1710115200000,47792.2,47853.8,46310.5,46594.1,0
1710720000000,46458.75,46990.25,45828.8,46863.75,0
1711324800000,46552.95,47440.45,46529.05,47124.6,0
1711929600000,47391.05,48557.4,47279.8,48493.05,0
1712534400000,48586.75,49057.4,48424.65,48564.55,0
1713139200000,48057.5,48255.5,46579.05,47574.15,0
1713744000000,48145.7,48679.65,47628.45,48201.05,0
1714348800000,48359.9,49974.75,48342.7,48923.55,0
1714953600000,49174.55,49252.65,47313.35,47421.1,0
1715558400000,47389.8,48222.35,46983.25,48199.5,0
1716163200000,47927.1,49052.95,47435.25,48971.65,0
1716768000000,49105.9,49688.85,48313.6,48983.95,0
1717372800000,50889.85,51133.2,46077.85,49803.2,0
1717977600000,49808.15,50252.95,49530.45,50002,0
1718582400000,50194.35,51957,49900.2,51661.45,0
1719187200000,51280.25,53180.75,51138.9,52342.25,0
1719792000000,52351.15,53357.7,51996.65,52660.35,0
1720396800000,52533.1,52794.55,51749.45,52278.9,0
1721001600000,52330.05,52782.75,52146.3,52265.6,0
1721606400000,52145.6,52547.55,50438.3,51295.95,0
1722211200000,51546.65,52340.25,51087.85,51350.15,0
1722816000000,50586.25,50747.55,49659.05,50484.5,0
1723420800000,50412.6,50830.7,49654.65,50516.9,0
1724025600000,50683.55,51117.85,50283.55,50933.45,0
1724630400000,51100.65,51466.55,50938.1,51351,0
1725235200000,51579.5,51750.1,50447.3,50576.85,0
1725840000000,50549.25,51994.1,50369.4,51938.05,0
1726444800000,52038.7,54066.1,51921.45,53793.2,0
1727049600000,53917.9,54467.35,53741.4,53834.3,0
1727654400000,53556.95,53726.4,51347.25,51462.05,0
1728259200000,51543.2,51784.8,50194.3,51172.3,0
1728864000000,51263.25,52199.45,51000.9,52094.2,0
1729468800000,52361.1,52577.5,50382.1,50787.45,0
1730073600000,51061.35,52354.85,51012.55,51673.9,0
1730678400000,51764.5,52493.95,50865.45,51561.2,0
1731283200000,51562.7,52177.7,49904.4,50179.55,0
1731888000000,50312.45,51271.5,49787.1,51135.4,0
1732492800000,52046.35,52760.2,51759.45,52055.6,0
1733097600000,52087.65,53888.3,51693.95,53509.5,0
1733702400000,53380.75,53775.1,52264.55,53583.8,0
1734307200000,53502.5,53738.9,50609.35,50759.2,0
1734912000000,51044.4,51740,50951.8,51311.3,0
1735516800000,51255.35,51979.75,50485.05,50988.8,0
1736121600000,50990.65,51026.1,48631.2,48734.15,0
1736726400000,48264.25,49459,47898.35,48540.6,0
1737331200000,48834.15,49650.6,48074.05,48367.8,0
1737936000000,47881.65,50009.5,47844.15,49506.95,0
1738540800000,49074.8,50641.75,48906.05,50158.85,0
1739145600000,50052.5,50155.65,48719.75,49099.45,0
1739750400000,48880.4,49628.25,48525.6,48981.2,0
1740355200000,48619.8,48972.55,48078.7,48344.7,0
1740960000000,48478.6,48839.1,47841.3,48497.5,0
1741564800000,48312,48599.15,47702.9,48060.4,0
1742169600000,48219.55,50672.15,48196.1,50593.55,0
1742774400000,50982.7,52063.95,50795.9,51564.85,0
1743379200000,51178.15,51893.6,50742,51502.7,0
1743984000000,49336.1,51244.7,49156.95,51002.35,0
1744588800000,52299,54407.2,51863.3,54290.2,0
1745193600000,54891.25,56098.7,54176.45,54664.05,0
1745798400000,54610.3,55957.75,54582.35,55115.35,0
1746403200000,55065.8,55345.5,53483.05,53595.25,0
1747008000000,54658.75,55499.65,54442.3,55354.9,0
1747612800000,55326.05,55695.55,54576.6,55398.25,0
1748217600000,55534.9,55875.75,55037.85,55749.7,0
1748822400000,55598.25,56695,55400.55,56578.4,0
1749427200000,57049.5,57049.5,55149.3,55527.35,0
1750032000000,55554.1,56328.2,55381.45,56252.85,0
1750636800000,55832.35,57475.4,55779.25,57443.9,0
1751241600000,57529.95,57628.4,56623.6,57031.9,725612837
1751846400000,56938.7,57363.7,56607.75,56754.7,532411656
1752451200000,56780.75,57276.55,56204.85,56283,722007829
1753056000000,56558.9,57316.6,56255.7,56528.9,740669398
1753660800000,56215.1,56578.4,55547.35,55617.6,752433461
1754265600000,55557.5,55752.45,54905.6,55004.9,586662690
1754870400000,54999.35,55582.15,54927.55,55341.85,360656478
1755475200000,55940.6,56156.3,55102.6,55149.4,444538410
1756080000000,55147.75,55306,53606.45,53655.65,450662532
1756684800000,53658.15,54450.55,53561.75,54114.55,455618215
1757289600000,54215.4,54852.25,54067.15,54809.3,463917906
1757894400000,54884.05,55835.25,54777.75,55458.85,650338668
1758499200000,55429.3,55666.35,54310.95,54389.35,747930571
1759104000000,54460.4,55616.45,54226.6,55589.25,755073006
1759708800000,55834.7,56760.25,55727.25,56609.75,730955423
1760313600000,56337.05,57830.2,56230.15,57713.35,672795990
1760918400000,57872.85,58577.5,57482.05,57699.6,804320867
1761523200000,57796.45,58469.9,57652.75,57776.35,1091869663
1762128000000,57726.85,58247.55,57157.85,57876.8,686077376
1762732800000,57846.2,58615.95,57594.25,58517.55,628293632
1763337600000,58696.3,59440.1,58605.3,58867.7,694238084
1763942400000,58996.9,59897.5,58649.5,59752.7,705782547
1764547200000,60102.05,60114.3,58925.7,59777.2,724910936
1765152000000,59672.05,59713.15,58799.9,59389.95,578820309
1765756800000,59053.7,59533,58712.7,59069.2,657720485
1766361600000,59224.75,59478.15,58947.05,59011.35,362038985
1766966400000,59007.05,60203.75,58737.6,60150.95,721138355
1767571200000,60360.4,60437.35,59154.2,59251.55,769481150
1768176000000,59217.25,60235.15,58864.2,60095.15,735685104
1768780800000,60093.3,60107.5,58278.6,58473.1,1038199225
1769385600000,58366.05,60060.7,57783.2,58417.2,1105653613
1769990400000,58239.3,61764.85,57829.85,60120.55,869629701
1770595200000,60805.2,60876.2,60073.55,60186.65,850271947
1771200000000,59947.8,61678.8,59861.1,61172,740433791
1771804800000,61145.55,61517.8,60438.95,60529,2093073201
1772409600000,59204.3,60177.5,57696.4,57783.25,821853659
1773014400000,56121.4,57097.05,53675.7,53757.85,1106220454
1773619200000,53721.5,55554.15,53240.6,53427.05,1172424958
1774224000000,52576.1,54146.15,51323.6,52274.6,1055352610
1774828800000,51527.9,52025.85,49954.85,51548.75,1274122091
1775433600000,51747.6,55978.5,51111.1,55912.75,1658143164
1776038400000,54646,56834.25,54356.2,56565.7,1264370207
1776643200000,56704.05,57456.3,55750.4,56089.75,1717006417
1777248000000,56162.6,56474.95,54440.25,54863.35,1140175042
1777852800000,54937.9,56334.15,54221.65,55310.55,2208612087
1778457600000,54832.45,55002.45,53191.6,53710.35,1784033694
1779062400000,53282.15,54213.05,52783.45,54055.35,1315921339
1779667200000,54610.55,55536.8,54116.15,54239.2,1894338474
1780272000000,54403.85,54865.5,53027.15,54496.25,1711052433
1780876800000,53853.45,56867.1,53843.3,56814.8,1728980927
1781481600000,57679.65,58021.25,57076.25,57685.75,2004952435
1782086400000,57906.9,58706.05,57074.9,58177.05,1140486979
1782691200000,58191.45,58396.1,57456.65,57938.5,1788460464
1783296000000,57983.9,58581.1,56549.4,58045.9,1318415451
1783900800000,57616.7,58596.85,57286.9,58521.4,1071369409
1784505600000,57738.25,58228.65,56023.6,56693.5,1574589137
1785110400000,57116.8,57411.25,56672.4,57264.85,1218810011
1785715200000,57569.6,58247.95,57352.65,57746.45,953439570
1786320000000,57812.3,58015.85,57158.1,57491.1,893617929
1786924800000,57418.3,57772.45,57001.75,57761.95,707482792
1787529600000,57828.15,58012.4,57231.25,57496.3,876743921
1788134400000,57353.75,58024.95,56823.2,57369.65,1053084987
1788739200000,57343.3,57426.85,55699.45,56606.55,1003424215
1789344000000,56884.25,56996.35,55794.75,56358.7,1014279076
1789948800000,56361.9,56671.1,55341.2,55580.4,899265666
1790553600000,55347.8,55390.1,53785.7,54450.75,1230700202